[
{
    "pogId": "1",
    "supc": "suppl1",
    "brand": "Panasonic",
    "description": "LED TV",
    "size": "40inches",
    "category": "electronics",
    "subcategory": "TV",
    "price": "1000000",
    "quantity": "1",
	"country": "India",
	"sellercode": "10",
	"creationtime": "654656",
	"stock": "10"
  
},
  {
    "pogId": "2",
    "supc": "suppl1",
    "brand": "Samsung",
    "description": "LED TV",
    "size": "40inches",
    "category": "electronics",
    "subcategory": "TV",
    "price": "1000000",
    "quantity": "1",
    "country": "India",
    "sellercode": "10",
    "creationtime": "43463462",
    "stock": "10"

  },
  {
    "pogId": "3",
    "supc": "suppl1",
    "brand": "Sony",
    "description": "LED TV",
    "size": "32inches",
    "category": "electronics",
    "subcategory": "TV",
    "price": "1500000",
    "quantity": "1",
    "country": "India",
    "sellercode": "10",
    "creationtime": "987543365",
    "stock": "10"

  },
  {
    "pogId": "4",
    "supc": "suppl1",
    "brand": "Videoccon",
    "description": "TV",
    "size": "18inches",
    "category": "electronics",
    "subcategory": "TV",
    "price": "20000",
    "quantity": "1",
    "country": "India",
    "sellercode": "10",
    "creationtime": "Monday",
    "stock": "10"

  },
  {
    "pogId": "5",
    "supc": "suppl1",
    "brand": "Onida",
    "description": "TV",
    "size": "18inches",
    "category": "electronics",
    "subcategory": "TV",
    "price": "10000",
    "quantity": "1",
    "country": "India",
    "sellercode": "10",
    "creationtime": "235670887",
    "stock": "10"

  },
  {
    "pogId": "1",
    "supc": "suppl1",
    "brand": "Panasonic",
    "description": "LED TV",
    "size": "40inches",
    "category": "electronics",
    "subcategory": "TV",
    "price": "1000000",
    "quantity": "1",
    "country": "India",
    "sellercode": "10",
    "creationtime": "67654768",
    "stock": "10"

  }
]